ID,area,eccentricity,min,max
140918_demo_section,5706.657173371305,0.5691283490493467,77.93519417674041,94.78299486736964
140918_demo_section2,3443.3962264150937,0.8809651510494583,45.70352730261768,96.58780174685278
